{"frames": {

  "gold_1.png":
  {
    "frame": {"x":1,"y":1,"w":84,"h":84},
    "rotated": false,
    "trimmed": false,
    "spriteSourceSize": {"x":0,"y":0,"w":84,"h":84},
    "sourceSize": {"w":84,"h":84},
    "pivot": {"x":0.5,"y":0.5}
  },
  "gold_2.png":
  {
    "frame": {"x":1,"y":86,"w":66,"h":84},
    "rotated": false,
    "trimmed": true,
    "spriteSourceSize": {"x":9,"y":0,"w":66,"h":84},
    "sourceSize": {"w":84,"h":84},
    "pivot": {"x":0.5,"y":0.5}
  },
  "gold_3.png":
  {
    "frame": {"x":68,"y":86,"w":50,"h":84},
    "rotated": false,
    "trimmed": true,
    "spriteSourceSize": {"x":17,"y":0,"w":50,"h":84},
    "sourceSize": {"w":84,"h":84},
    "pivot": {"x":0.5,"y":0.5}
  },
  "gold_4.png":
  {
    "frame": {"x":86,"y":1,"w":15,"h":84},
    "rotated": false,
    "trimmed": true,
    "spriteSourceSize": {"x":34,"y":0,"w":15,"h":84},
    "sourceSize": {"w":84,"h":84},
    "pivot": {"x":0.5,"y":0.5}
  },
  "gold_5.png":
  {
    "frame": {"x":68,"y":171,"w":50,"h":84},
    "rotated": false,
    "trimmed": true,
    "spriteSourceSize": {"x":17,"y":0,"w":50,"h":84},
    "sourceSize": {"w":84,"h":84},
    "pivot": {"x":0.5,"y":0.5}
  },
  "gold_6.png":
  {
    "frame": {"x":1,"y":171,"w":66,"h":84},
    "rotated": false,
    "trimmed": true,
    "spriteSourceSize": {"x":9,"y":0,"w":66,"h":84},
    "sourceSize": {"w":84,"h":84},
    "pivot": {"x":0.5,"y":0.5}
  }},
  "meta": {
    "app": "http://www.codeandweb.com/texturepacker",
    "version": "1.0",
    "image": "gold_anim.png",
    "format": "RGBA8888",
    "size": {"w":128,"h":256},
    "scale": "1",
    "smartupdate": "$TexturePacker:SmartUpdate:da6353dcec564c38e81610d1de48d2a3:7fa5a79bbb30632cbe73f0fd8029dfc6:0772c5e092b65556291c493f15308808$"
  }
}